like_id,user_id,post_id,timestamp
a062e9c4-7397-42a7-b197-c7b920b202c7,5268ea6a-7bd3-4256-b4c2-a8e374882e81,e9d3fd8d-2823-46ee-ade7-b52c91b4711f,2025-02-26 19:46:35
de0bbc60-6e82-44a4-aae6-74f6776dad6d,aa015ed6-68cb-4e9f-b6fc-304a73f86c11,3e6872b9-546e-49cf-ab32-ed4f500d15c1,2025-02-26 04:23:26
707a08dd-2ce9-4d6c-a166-7d70e924f1f5,aa015ed6-68cb-4e9f-b6fc-304a73f86c11,dfe78b4b-5aa1-4502-a114-e6cd644f518a,2025-04-22 05:08:28
38015f3b-8327-45f4-bd90-dc231d37dec7,ed888321-c2fa-4aae-ba0a-971a4322e55b,4f101f28-ba05-4e1f-bef2-186a62a27696,2025-02-21 21:54:32
33b04b04-9e2c-4a6f-8f6d-48887e3fc3a1,7170e4d9-3fb5-47d2-ae5c-cbf0e985887c,c480b450-cd55-465d-900c-8eb026e281b6,2025-04-10 21:20:51
5040bb4c-1130-41a0-a16c-764e7ff57e0c,5268ea6a-7bd3-4256-b4c2-a8e374882e81,db0300fc-f231-448d-85f1-996ac36734d4,2025-05-12 21:45:51
5d1c7fbe-3f4a-4ea7-b6c6-c186e72cf1e6,7170e4d9-3fb5-47d2-ae5c-cbf0e985887c,4cc0a99b-698f-4945-972b-bcd3f6ef4525,2025-01-19 11:46:53
a95e3a2f-605e-4836-b6bc-008ab09984cf,947d1507-fe62-44aa-b017-e014a9211c23,86c1bee4-8d0b-4089-9af7-5fc6de9b10ee,2025-01-27 07:53:24
882b410e-8f4e-4da6-90e2-3cf01c83c93e,f80a6052-662c-4371-9094-49b7ff0fea94,e9d3fd8d-2823-46ee-ade7-b52c91b4711f,2025-05-26 15:41:31
e9fa4a8d-1e94-4bc7-a3f8-ce2e64911074,7bbbd43c-a27f-4235-9f29-068933d244df,acdf096c-03cb-4bc4-bf7b-d4092b36094d,2025-06-02 13:35:08
6a290e8e-f090-45e4-ba68-79047b18001a,7bbbd43c-a27f-4235-9f29-068933d244df,0609f1e9-ba5f-45bf-9017-3a4b1faaa206,2025-03-21 22:10:38
f0ef7477-5fbc-45d2-a2ae-285e232651c2,7170e4d9-3fb5-47d2-ae5c-cbf0e985887c,d7e72c19-2eb9-4e30-8d9d-02d386a84deb,2025-01-12 12:17:32
b86581b3-a47f-48a2-96e0-a4053af6c359,5268ea6a-7bd3-4256-b4c2-a8e374882e81,7e831dfa-e42a-4114-8b07-a971b43b4bc4,2025-02-23 20:25:16
6c5fac31-0c10-461f-a7cb-ddc07a9d8d67,ed888321-c2fa-4aae-ba0a-971a4322e55b,4d219e33-0321-4287-8e59-3e6e383659dc,2025-05-08 08:41:53
1443c592-7f45-42cd-abea-bf5007e2c71c,f543329c-a4ff-4e63-be34-96fb71dd76da,7c3bd8b8-7c26-4288-bbe9-6f81f3dadd5f,2025-01-25 15:20:30
4fe6a21f-e488-4180-be88-4a663dba6bd6,7170e4d9-3fb5-47d2-ae5c-cbf0e985887c,acdf096c-03cb-4bc4-bf7b-d4092b36094d,2025-05-17 04:53:04
433b3b3c-c723-4d67-8220-8ce6eb727daf,f80a6052-662c-4371-9094-49b7ff0fea94,552f86bd-c81f-4d5f-a99e-7659fce321df,2025-01-26 18:23:03
c3eebfa5-59bf-46fd-9b21-d46ad3adf5d4,de632ad4-e841-410b-9e84-f8544f43c4f1,fb58f390-f2da-4101-88f0-ab2b2192090a,2025-02-18 11:34:49
ee662a3b-cd3f-487c-8628-68a37d7b4541,7bbbd43c-a27f-4235-9f29-068933d244df,c480b450-cd55-465d-900c-8eb026e281b6,2025-01-29 09:32:37
e4dd2442-7b32-4811-94fd-8337c0b65473,7d5daf09-5edf-4050-a948-bb5414ec7dd4,fb58f390-f2da-4101-88f0-ab2b2192090a,2025-05-19 03:20:25
